{"_wandb":{"runtime":139},"policy_loss":-0.008931075180208126,"dist_entropy":2.946438678105672,"_step":49,"actor_grad_norm":0.3594135642051697,"critic_grad_norm":0.34402331709861755,"ratio":0.9992075562477112,"reward":-3201.1502491968877,"value_loss":0.0744443545738856,"_runtime":139.427593357,"coverage_rate":0.75625,"_timestamp":1.7451399140809307e+09}