{"coverage_rate":0.75625,"value_loss":0.0744443545738856,"_step":49,"actor_grad_norm":0.3594135642051697,"_runtime":142.998702495,"dist_entropy":2.946438678105672,"_timestamp":1.74515346567206e+09,"_wandb":{"runtime":142},"reward":-3201.1502491968877,"ratio":0.9992075562477112,"critic_grad_norm":0.34402331709861755,"policy_loss":-0.008931075180208126}