{"_wandb":{"runtime":144},"value_loss":0.0744443545738856,"_timestamp":1.745154184564607e+09,"_runtime":144.871856369,"ratio":0.9992075562477112,"reward":-3201.1502491968877,"_step":49,"actor_grad_norm":0.3594135642051697,"policy_loss":-0.008931075180208126,"coverage_rate":0.75625,"critic_grad_norm":0.34402331709861755,"dist_entropy":2.946438678105672}